canal,decay_optimo,hill_K,hill_S
inv_paid_search,0.5,8233.004042017808,2.0
inv_social_paid,0.6,8017.323802646291,2.0
inv_display,0.65,4211.86578389364,2.0
inv_video_online,0.65,7979.283453610862,2.0
inv_email_crm,0.35,1379.1955234453185,2.0
inv_exterior,0.75,9537.757142645945,2.0
inv_radio_local,0.65,5890.172442969526,2.0
inv_prensa,0.6,4448.116805061716,2.0
