canal,decay_optimo,hill_K,hill_S
inv_paid_search,0.9,49519.19331160709,2.0
inv_social_paid,0.9,39261.423099265536,2.0
inv_display,0.9,18340.35225157017,2.0
inv_video_online,0.9,34145.91244800418,2.0
inv_email_crm,0.9,10918.43188089703,2.0
inv_exterior,0.9,29570.132833662086,2.0
inv_radio_local,0.9,25737.544420495902,2.0
inv_prensa,0.9,21286.37426108525,2.0
