Escenario,Inversión (€),Ventas Predichas (€),ROI Total,Delta vs Actual (€),Delta vs Actual (%)
Actual,15226988.760000002,177845783.35282797,10.679642387338832,0.0,0.0
Reducción -10%,13704289.884,177690536.2952093,11.966052075610728,-155247.05761867762,-0.08729307757084914
Aumento +10%,16749687.636000004,177979057.7916972,9.62581354706388,133274.4388692379,0.07493820565025455
Óptimo,12000000.0,177486551.8838994,13.790545990324949,-359231.4689285755,-0.2019904335971212
