Escenario,Ventas (€),Inversión Marketing (€),EBITDA Estimado (€),EBITDA Margin (%),Delta EBITDA vs Actual (€)
Actual,177845783.35282797,15226988.760000002,47019035.41348979,26.438094020035773,0.0
Reducción -10%,177690536.2952093,13704289.884,48487397.81932324,27.287552184978413,1468362.405833453
Aumento +10%,177979057.7916972,16749687.636000004,45542982.59109402,25.58895588962861,-1476052.8223957717
Óptimo,177486551.8838994,12000000.0,50120293.15936478,28.23892437335215,3101257.7458749935
